{"root":[{"assemblyName":"Unity.Properties","nameSpace":"Unity.Properties","className":"DefaultPropertyBagInitializer","methodName":"Initialize","loadTypes":0,"isUnityClass":true},{"assemblyName":"Unity.Properties.Reflection","nameSpace":"Unity.Properties.Reflection.Internal","className":"Registration","methodName":"Initialize","loadTypes":0,"isUnityClass":true},{"assemblyName":"Unity.Scenes","nameSpace":"Unity.Properties.Generated","className":"PropertyBagRegistry","methodName":"Initialize","loadTypes":2,"isUnityClass":true},{"assemblyName":"Unity.Transforms","nameSpace":"","className":"__JobReflectionRegistrationOutput__3582838976","methodName":"EarlyInit","loadTypes":2,"isUnityClass":true},{"assemblyName":"Unity.Entities","nameSpace":"Unity.Entities","className":"DefaultWorldInitialization","methodName":"CleanupWorldBeforeSceneLoad","loadTypes":4,"isUnityClass":true},{"assemblyName":"Unity.Entities","nameSpace":"","className":"__JobReflectionRegistrationOutput__2052323622","methodName":"EarlyInit","loadTypes":2,"isUnityClass":true},{"assemblyName":"Unity.Entities","nameSpace":"","className":"__UnmanagedPostProcessorOutput__2052323622","methodName":"EarlyInit","loadTypes":2,"isUnityClass":true},{"assemblyName":"Unity.Entities","nameSpace":"Unity.Properties.Generated","className":"PropertyBagRegistry","methodName":"Initialize","loadTypes":2,"isUnityClass":true},{"assemblyName":"Unity.Entities.Hybrid","nameSpace":"Unity.Entities","className":"AutomaticWorldBootstrap","methodName":"Initialize","loadTypes":1,"isUnityClass":true},{"assemblyName":"Unity.Entities.Hybrid","nameSpace":"Unity.Entities","className":"AttachToEntityClonerInjection","methodName":"Initialize","loadTypes":1,"isUnityClass":true},{"assemblyName":"Unity.Entities.Hybrid","nameSpace":"Unity.Properties.Generated","className":"PropertyBagRegistry","methodName":"Initialize","loadTypes":2,"isUnityClass":true}]}
